,trial,learning_rate,norm,weight_decay,train_batch_size,training_loss,model_name,encoder_name,epoch,train_loss,train_corr,valid_mae,valid_corr,valid_perc,valid_rmse,valid_ssim,lr,pruned
4,0,1.6444928912866254e-06,None,2.8641987005085253e-05,157,smooth,linknet,efficientnet-b0,0,1.3632558822631835,-0.0182823564857244,1.654406636953354,-0.0147457959828898,0.4127335920929909,8.384326577186584,-10.0,1.6444928912866254e-06,0
0,2,2.41889865083268e-05,minmax,8.566425273347554e-05,92,logcosh,fpn,resnet18,0,0.3823051452636719,-0.006208446083797349,0.9077179878950119,0.023127546766772866,0.35338161140680313,0.828621119260788,0.013072468340396881,2.41889865083268e-05,0
1,3,0.004111729531616641,minmax,1.1705532437037115e-08,110,mae,deeplabv3,resnet18,0,0.06949571473523974,-0.026854868105147034,0.011030159890651703,,0.020007668528705835,0.0003213286654499825,0.5712717100977898,0.004111729531616641,0
2,4,4.477084618212312e-06,zscore,2.781170839050081e-09,131,xsigmoid,fpn,resnet152,0,0.45630722244580585,0.04309989186003804,0.8081998527050018,0.07348427933175117,0.46425098180770874,0.8623934537172318,-10.0,4.477084618212312e-06,0
3,5,1.577868091261638e-05,zscore,1.8689094245115438e-11,127,smooth,unet,efficientnet-b0,0,0.42307503521442413,0.04393360453347365,0.8146010488271713,0.1112280935049057,0.3496297523379326,0.8590832948684692,-10.0,1.577868091261638e-05,0
