,trial,learning_rate,norm,train_batch_size,training_loss,model_name,encoder_name,epoch,train_loss,train_corr,valid_mae,valid_corr,valid_perc,valid_rmse,valid_ssim,lr,pruned
0,2,4.3622282935265105e-05,zscore,28,mae,unet,mobilenet_v2,1,0.20129064158085855,0.8085448972640499,0.5316556692123413,0.7909380495548248,0.2725574653595686,0.4947889968752861,-10.0,4.3622282935265105e-05,0
1,3,0.001033692438687187,zscore,25,smooth,unet,resnet18,1,0.11295937416808946,0.8499618002346584,0.35153843462467194,0.8097209334373474,0.2883959785103798,0.29382795467972755,-10.0,0.001033692438687187,0
