,trial,learning_rate,norm,train_batch_size,training_loss,model_name,epoch,train_loss,train_corr,valid_mae,valid_corr,valid_perc,valid_rmse,valid_ssim,lr,pruned
0,1,4.7522255403853194e-05,minmax,56,mse,unet,1,0.023103074729442598,0.575731631120046,0.24199704825878143,0.2594766803085804,0.25834743678569794,0.08458693232387304,0.14597839675843716,4.7522255403853194e-05,0
1,6,0.0029278457894928367,minmax,59,xtanh,unet,1,0.0013072216450901969,0.9120463558605739,0.24559812247753143,0.5153649970889091,0.0408000610768795,0.07306700199842453,0.670691505074501,0.0029278457894928367,0
2,9,9.395609114072671e-05,minmax,29,logcosh,unet,1,0.009960900495449702,0.7573966105779012,0.10593025013804436,0.7937001436948776,0.0891440324485302,0.014663388719782233,0.5193648487329483,9.395609114072671e-05,0
