index,epoch,train_loss,train_corr,valid_mae,valid_corr,valid_perc,valid_rmse,valid_ssim,lr
0,0,0.05014779515288494,0.004997396988242313,0.19916574284434319,0.004085312713868916,0.12320145592093468,0.04202372021973133,0.06406998354941607,0.001
